Track URI,Track Name,Album Name,Artist Name(s),Release Date,Duration (ms),Popularity,Explicit,Added By,Added At,Genres,Record Label,Danceability,Energy,Key,Loudness,Mode,Speechiness,Acousticness,Instrumentalness,Liveness,Valence,Tempo,Time Signature
spotify:track:2plbrEY59IikOBgBGLjaoe,"Die With A Smile","Die With A Smile","Lady Gaga;Bruno Mars",2024-08-16,251667,92,false,31crdq3kxd6kyd3h5augd33zz52u,2024-12-09T16:07:16Z,"art pop,pop","Interscope",0.521,0.592,6,-7.777,0,0.0304,0.308,0,0.122,0.535,157.969,3
spotify:track:4wJ5Qq0jBN4ajy7ouZIV1c,"APT.","rosie","ROSÉ;Bruno Mars",2024-12-06,169917,84,false,31crdq3kxd6kyd3h5augd33zz52u,2024-12-09T16:07:24Z,"k-pop","Atlantic Records",0.777,0.783,0,-4.477,0,0.26,0.0283,0,0.355,0.939,149.027,4
spotify:track:1A1ifX8sWzelNpkL5PxcHT,"Last Heartbreak Song (feat. Giveon)","The Year I Turned 21","Ayra Starr;GIVĒON",2024-05-30,149677,71,false,31crdq3kxd6kyd3h5augd33zz52u,2024-12-09T16:07:39Z,"afrobeats,afrobeat,afropop,afro r&b,afropiano,afro soul,r&b","Mavin Global Holdings Ltd.",0.685,0.624,0,-5.101,1,0.235,0.318,0,0.107,0.618,89.972,4
spotify:track:0KKkJNfGyhkQ5aFogxQAPU,"That's What I Like","24K Magic","Bruno Mars",2016-11-18,206693,92,false,31crdq3kxd6kyd3h5augd33zz52u,2024-12-09T16:08:07Z,"","Atlantic Records",0.853,0.56,1,-4.961,1,0.0406,0.013,0,0.0944,0.86,134.066,4
spotify:track:32OlwWuMpZ6b0aN2RZOeMS,"Uptown Funk (feat. Bruno Mars)","Uptown Special","Mark Ronson;Bruno Mars",2015-01-12,269658,87,false,31crdq3kxd6kyd3h5augd33zz52u,2024-12-09T16:08:16Z,"","Columbia",0.856,0.609,0,-7.223,1,0.0824,0.00801,0.0000815,0.0344,0.928,114.988,4
spotify:track:7BqBn9nzAq8spo5e7cZ0dJ,"Just the Way You Are","Doo-Wops & Hooligans","Bruno Mars",2010-05-11,220734,88,false,31crdq3kxd6kyd3h5augd33zz52u,2024-12-09T16:08:21Z,"","Atlantic Records",0.635,0.841,5,-5.379,1,0.0422,0.0134,0,0.0622,0.424,109.021,4
spotify:track:161DnLWsx1i3u1JT05lzqU,"Talking to the Moon","Doo-Wops & Hooligans","Bruno Mars",2010-05-11,217866,86,false,31crdq3kxd6kyd3h5augd33zz52u,2024-12-09T16:08:26Z,"","Atlantic Records",0.498,0.59,1,-4.721,0,0.032,0.511,0,0.107,0.0784,145.867,4
spotify:track:0nJW01T7XtvILxQgC5J7Wh,"When I Was Your Man","Unorthodox Jukebox","Bruno Mars",2012-12-07,213826,90,false,31crdq3kxd6kyd3h5augd33zz52u,2024-12-09T16:08:35Z,"","Atlantic Records",0.612,0.28,0,-8.648,1,0.0434,0.932,0,0.088,0.387,72.795,4
spotify:track:2tJulUYLDKOg9XrtVkMgcJ,"Grenade","Doo-Wops & Hooligans","Bruno Mars",2010-05-11,222091,80,false,31crdq3kxd6kyd3h5augd33zz52u,2024-12-09T16:08:40Z,"","Atlantic Records",0.704,0.558,2,-7.273,0,0.0542,0.148,0,0.107,0.245,110.444,4
spotify:track:2qPUnoasNe4Ep43emVXEig,"Billionaire (feat. Bruno Mars)","Lazarus","Travie McCoy;Bruno Mars",2010-06-07,211160,79,true,31crdq3kxd6kyd3h5augd33zz52u,2024-12-09T16:08:44Z,"","Decaydance/Fueled By Ramen",0.633,0.673,6,-6.403,0,0.258,0.297,0,0.206,0.659,86.776,4
spotify:track:5hUYsaOyMY32yjRXeuQwGj,"Mirror","Tha Carter IV (Complete Edition)","Lil Wayne;Bruno Mars",2011-08-29,228093,79,true,31crdq3kxd6kyd3h5augd33zz52u,2024-12-09T16:09:01Z,"rap,hip hop","CM/Republic",0.328,0.622,5,-7.291,0,0.0866,0.858,0,0.104,0.401,74.267,4
spotify:track:2nO7YG8CFXSZOpvxSFUzgJ,"How I Met My Ex","Game Over","Dave",2017-11-03,445349,62,false,31crdq3kxd6kyd3h5augd33zz52u,2024-12-09T16:09:35Z,"grime,uk grime,uk drill,drill","Dave",0.683,0.534,2,-9.111,0,0.476,0.557,0,0.0745,0.356,86.186,4
spotify:track:531KGXtBroSrOX9LVmiIgc,"Starlight","Starlight","Dave",2022-03-03,211935,32,true,31crdq3kxd6kyd3h5augd33zz52u,2024-12-09T16:09:35Z,"grime,uk grime,uk drill,drill","Dave / Neighbourhood Recordings",0.954,0.367,4,-9.551,0,0.288,0.341,0.00000548,0.0979,0.372,124.026,4
spotify:track:3hX0ilh84w2KGaiNw2rRCV,"Both Sides Of A Smile (feat. James Blake)","We're All Alone In This Together","Dave;James Blake",2021-07-22,479897,22,true,31crdq3kxd6kyd3h5augd33zz52u,2024-12-09T16:09:35Z,"grime,uk grime,uk drill,drill","Neighbourhood [GB] / Dave",0.562,0.499,1,-8.217,1,0.353,0.75,0.00000846,0.354,0.257,94.995,4
spotify:track:4A7sSA10D35HQUNrSOl5Zo,"Propeller (feat. Dave & BNXN)","Propeller (feat. Dave & BNXN)","JAE5;Dave;BNXN",2022-07-28,204440,64,true,31crdq3kxd6kyd3h5augd33zz52u,2024-12-09T16:09:35Z,"afrobeats,afroswing,afrobeat,afropop,afro r&b,afropiano,grime,uk grime,uk drill,drill,afro adura,alté,afro soul","Black Butter",0.846,0.508,8,-7.873,1,0.308,0.475,0.000126,0.0961,0.567,126.447,5
spotify:track:6pz1iqWlBwYXiAzJB7OAZY,"Bloody Samaritan (with Kelly Rowland) - Remix","19 & Dangerous (Deluxe)","Ayra Starr;Kelly Rowland;Loud Urban Choir",2022-10-21,189000,53,true,31crdq3kxd6kyd3h5augd33zz52u,2024-12-09T16:10:28Z,"afrobeats,afrobeat,afropop,afro r&b,afropiano,afro soul","Mavin Records",0.806,0.738,8,-7.443,0,0.149,0.125,0,0.0805,0.385,105.008,4
spotify:track:0xPz8qjfchKRCAmABJH65Z,"Won Da Mo","Won Da Mo","Mavins;Rema;Boy Spyce;Crayon;Bayanni;Magixx;LADIPOE;Ayra Starr;Johnny Drille",2022-11-09,247680,54,false,31crdq3kxd6kyd3h5augd33zz52u,2024-12-09T16:10:34Z,"afrobeats,afrobeat,afropop,afropiano,azonto,afro r&b,afro soul,alté","Platoon",0.744,0.851,1,-6.701,0,0.0687,0.193,0,0.221,0.633,124.995,4
spotify:track:1tOp1bXhT9tvydSAGDHdQy,"Stamina","Stamina","Tiwa Savage;Ayra Starr;Young Jonn",2023-03-14,166956,55,false,31crdq3kxd6kyd3h5augd33zz52u,2024-12-09T16:10:38Z,"afrobeats,afrobeat,afropop,azonto,afropiano,afro r&b,hiplife,afroswing,afro soul,afro adura","We4we/Everything Savage",0.661,0.605,8,-8.629,1,0.0956,0.0933,0,0.11,0.665,114.438,4
spotify:track:4GXW3Ne1jzdORKHvHjK31V,"Commas","The Year I Turned 21","Ayra Starr",2024-05-30,157089,74,false,31crdq3kxd6kyd3h5augd33zz52u,2024-12-09T16:10:46Z,"afrobeats,afrobeat,afropop,afro r&b,afropiano,afro soul","Mavin Global Holdings Ltd.",0.779,0.628,1,-5.231,1,0.0433,0.0351,0.0000533,0.351,0.617,100.028,4
spotify:track:3R2Etej4zzbt8LTs3rvJA1,"Fashion Killer","19 & Dangerous","Ayra Starr",2021-08-06,177000,53,false,31crdq3kxd6kyd3h5augd33zz52u,2024-12-09T16:10:58Z,"afrobeats,afrobeat,afropop,afro r&b,afropiano,afro soul","Mavin Records",0.777,0.674,5,-8.998,0,0.147,0.236,0.00039,0.138,0.336,99.966,4
spotify:track:6zublRIkZocboXucqc8hgB,"Beggie Beggie","19 & Dangerous","Ayra Starr;CKay",2021-08-06,208500,63,false,31crdq3kxd6kyd3h5augd33zz52u,2024-12-09T16:11:04Z,"afrobeats,afrobeat,afropop,afro r&b,afropiano,afro soul","Mavin Records",0.723,0.43,4,-6.761,1,0.0429,0.572,0,0.101,0.324,99.995,4
spotify:track:1tKsfYB65Kz74yk0HMCdcH,"Running","19 & Dangerous (Deluxe)","Ayra Starr;Lojay",2022-10-21,142571,49,false,31crdq3kxd6kyd3h5augd33zz52u,2024-12-09T16:11:14Z,"afrobeats,afrobeat,afropop,afro r&b,afropiano,afro soul,alté","Mavin Records",0.557,0.539,0,-9.587,1,0.0877,0.521,0,0.101,0.562,102.877,4
spotify:track:4lVEVXrlQlXPdYWMGTwrFe,"Overloading (OVERDOSE)","Overloading (OVERDOSE)","Mavins;Crayon;Ayra Starr;LADIPOE;Magixx;Boy Spyce",2022-05-13,205000,57,false,31crdq3kxd6kyd3h5augd33zz52u,2024-12-09T16:11:20Z,"afrobeats,afrobeat,afropop,afropiano,azonto,afro r&b,afro soul,alté","Mavin Records",0.546,0.611,0,-9.459,0,0.172,0.484,0.00149,0.101,0.749,104.059,4
spotify:track:17oeeAxAbZaHIqKpt402KI,"You're Hired (feat. Ayra Starr)","You're Hired (feat. Ayra Starr)","NEIKED;Ayra Starr",2023-09-29,179517,52,false,31crdq3kxd6kyd3h5augd33zz52u,2024-12-09T16:11:24Z,"afrobeats,afrobeat,afropop,afro r&b,afropiano,afro soul","Atlantic Records",0.743,0.717,0,-4.732,1,0.0422,0.0562,0,0.144,0.853,105.988,4
spotify:track:5mhM7bfzv52bzfCzlq8vH1,"Ngozi","Trench to Triumph","Crayon;Ayra Starr",2023-07-21,221217,66,false,31crdq3kxd6kyd3h5augd33zz52u,2024-12-09T16:11:31Z,"afrobeats,afrobeat,afropop,afropiano,afro r&b,afro soul","Mavin Records/Blowtime Entertainment",0.58,0.594,6,-7.229,1,0.317,0.162,0,0.101,0.52,114.748,4
spotify:track:5V9XFfvCG4WP5ZdISOLvaF,"Sability","Sability","Ayra Starr",2023-02-10,166558,60,false,31crdq3kxd6kyd3h5augd33zz52u,2024-12-09T16:11:38Z,"afrobeats,afrobeat,afropop,afro r&b,afropiano,afro soul","Mavin Records",0.845,0.7,4,-8.737,0,0.0391,0.1,0.00113,0.0984,0.85,119.997,4
spotify:track:12jJRu9yInIX7oTxoXtM0S,"Lomo Lomo","Lomo Lomo","KiDi;Black Sherif",2024-07-30,175130,59,false,31crdq3kxd6kyd3h5augd33zz52u,2024-12-09T16:12:55Z,"hiplife,afrobeats,afrobeat,afropop,azonto,highlife,asakaa,ghanaian hip hop,afro adura,afropiano","Lynx Entertainment / MadeInENY / EMPIRE",0.819,0.588,6,-7.52,0,0.0455,0.558,0.0000847,0.113,0.705,111.006,4
spotify:track:13TEzGeUmbKSyyZjDv6ygG,"Don't Keep Me Waiting","Don't Keep Me Waiting","Kwesi Arthur;KiDi",2018-09-21,227864,45,false,31crdq3kxd6kyd3h5augd33zz52u,2024-12-09T16:13:06Z,"ghanaian hip hop,asakaa,hiplife,afrobeats,azonto,afrobeat,afropop,highlife","Ground Up Chale",0.753,0.406,9,-8.676,0,0.0376,0.222,0,0.279,0.759,104.944,4
spotify:track:5Vhdqi79lSWTFWnqHOjvv6,"Otra Vez - en Spanglish","OTRA VEZ","Micah Palace",2024-10-17,146014,40,false,31crdq3kxd6kyd3h5augd33zz52u,2024-12-13T13:57:38Z,"","Plush Records",0.849,0.798,1,-4.254,1,0.049,0.0771,0,0.244,0.891,106.998,4
spotify:track:4vb777iaycnlFxVkJMmtfd,"Peru","Playboy","Fireboy DML;Ed Sheeran",2022-08-04,187111,69,true,31crdq3kxd6kyd3h5augd33zz52u,2024-12-20T16:07:32Z,"afrobeats,afrobeat,afropop,afro r&b,afropiano,afro soul,afroswing,afro adura,soft pop","YBNL Nation / EMPIRE",0.956,0.417,7,-7.892,0,0.0926,0.572,0.00071,0.0782,0.714,108.015,4
spotify:track:7p9nV83OAXMpeAXx9SXW5i,"Menina de Vermelho","Menina de Vermelho","MC Menor JP;RAMONMIX;The Ironix",2024-10-18,151348,68,false,31crdq3kxd6kyd3h5augd33zz52u,2025-01-17T12:46:18Z,"","Good Kid Records & Polydor x Island",0.525,0.717,6,-6.414,1,0.0796,0.0827,0,0.0378,0.7,129.742,4
spotify:track:5QdTZO8YLH3KESTPPZ0lW6,"Olufunmi Reimagined","Olufunmi Reimagined","Id Cabasa;ODUMODUBLVCK;Fireboy DML;Boj;Joeboy",2024-05-24,184267,44,true,31crdq3kxd6kyd3h5augd33zz52u,2025-01-29T02:04:30Z,"afro adura,afrobeats,afrobeat,afropop,nigerian drill,alté,afropiano,afro r&b,afro soul,afroswing,hiplife","Coded Tunes",0.756,0.784,10,-4.094,1,0.0631,0.39,0,0.162,0.846,116.044,4
spotify:track:3FAJ6O0NOHQV8Mc5Ri6ENp,"Heartbreak Anniversary","TAKE TIME","GIVĒON",2020-03-27,198371,79,false,31crdq3kxd6kyd3h5augd33zz52u,2025-01-30T22:48:45Z,"r&b","Epic/Not So Fast",0.449,0.465,0,-8.964,1,0.0791,0.524,0.00000102,0.303,0.543,89.087,3
spotify:track:7jaot4TU3RWNZVscwAsKLA,"Woman Commando (feat. Anitta & Coco Jones)","The Year I Turned 21","Ayra Starr;Anitta;Coco Jones",2024-05-30,208910,56,false,31crdq3kxd6kyd3h5augd33zz52u,2025-02-01T18:49:39Z,"afrobeats,afrobeat,afropop,afro r&b,afropiano,afro soul,brazilian pop,funk pop,brazilian funk,funk carioca","Mavin Global Holdings Ltd.",0.765,0.825,6,-6.216,0,0.0355,0.0128,0.000874,0.121,0.623,115.024,4
spotify:track:6VX4hVDmDMfClxp6EwDNQP,"Bad Vibes (feat. Seyi Vibez)","The Year I Turned 21","Ayra Starr;Seyi Vibez",2024-05-30,168406,66,false,31crdq3kxd6kyd3h5augd33zz52u,2025-02-03T12:58:22Z,"afrobeats,afrobeat,afropop,afro r&b,afropiano,afro soul,afro adura,fújì","Mavin Global Holdings Ltd.",0.695,0.664,1,-5.569,0,0.128,0.262,0,0.276,0.807,96.029,4
spotify:track:2Foc5Q5nqNiosCNqttzHof,"Get Lucky (Radio Edit) [feat. Pharrell Williams and Nile Rodgers]","Get Lucky (Radio Edit) [feat. Pharrell Williams and Nile Rodgers]","Daft Punk;Pharrell Williams;Nile Rodgers",2013-04-19,247632,82,false,31crdq3kxd6kyd3h5augd33zz52u,2025-02-05T01:51:53Z,"french house,electronic,electro","Columbia",0.794,0.811,6,-8.966,0,0.038,0.0426,0.00000107,0.101,0.862,116.047,4
spotify:track:2dZ0GjY40Y2OYzRaiD8yYq,"So it Goes","So it Goes","Black Sherif;Fireboy DML",2025-01-29,223585,55,true,31crdq3kxd6kyd3h5augd33zz52u,2025-02-08T18:14:51Z,"asakaa,ghanaian hip hop,hiplife,afrobeats,afrobeat,afropop,afro adura,afropiano,afro r&b,afro soul,afroswing","Blacko Management / EMPIRE",0.686,0.638,4,-6.849,1,0.0811,0.45,0,0.425,0.568,145.83,4
spotify:track:3bNv3VuUOKgrf5hu3YcuRo,"Someone Like You","21","Adele",2011-01-24,285240,83,false,31crdq3kxd6kyd3h5augd33zz52u,2025-02-08T19:01:00Z,"soft pop","XL Recordings",0.556,0.319,9,-8.251,1,0.0281,0.893,0,0.0996,0.294,135.187,4
spotify:track:3di5hcvxxciiqwMH1jarhY,"Set Fire to the Rain","21","Adele",2011-01-24,242973,84,false,31crdq3kxd6kyd3h5augd33zz52u,2025-02-08T19:01:02Z,"soft pop","XL Recordings",0.603,0.67,2,-3.882,0,0.0249,0.00408,0.00000168,0.112,0.446,107.993,4
spotify:track:0gplL1WMoJ6iYaPgMCL0gX,"Easy On Me","Easy On Me","Adele",2021-10-14,224694,79,false,31crdq3kxd6kyd3h5augd33zz52u,2025-02-08T19:01:06Z,"soft pop","Columbia",0.604,0.366,5,-7.519,1,0.0282,0.578,0,0.133,0.13,141.981,4
spotify:track:4JehYebiI9JE8sR8MisGVb,"Halo","I AM...SASHA FIERCE","Beyoncé",2008-11-17,261640,76,false,31crdq3kxd6kyd3h5augd33zz52u,2025-02-08T19:01:08Z,"","Music World Music/Columbia",0.508,0.72,11,-5.908,0,0.0628,0.272,0,0.0563,0.472,79.983,4
spotify:track:6VObnIkLVruX4UVyxWhlqm,"Skyfall","Skyfall","Adele",2012-10-04,286081,87,false,31crdq3kxd6kyd3h5augd33zz52u,2025-02-08T19:01:16Z,"soft pop","XL Recordings/Columbia",0.346,0.552,0,-6.864,0,0.0282,0.417,0,0.114,0.0789,75.881,4
spotify:track:4OSBTYWVwsQhGLF9NHvIbR,"Rolling in the Deep","21","Adele",2011-01-24,228093,82,false,31crdq3kxd6kyd3h5augd33zz52u,2025-02-08T19:01:18Z,"soft pop","XL Recordings",0.73,0.769,8,-5.114,1,0.0298,0.138,0,0.0473,0.507,104.948,4
spotify:track:0DuWDLjriRPjDRoPgaCslY,"Love In The Dark","25","Adele",2015-11-20,285935,82,false,31crdq3kxd6kyd3h5augd33zz52u,2025-02-08T19:01:30Z,"soft pop","XL Recordings",0.331,0.341,9,-6.057,0,0.0309,0.528,0,0.109,0.152,109.821,4
spotify:track:6O5TrlFWTYvznd9fMC0VvU,"When We Were Young","25","Adele",2015-11-20,290900,79,false,31crdq3kxd6kyd3h5augd33zz52u,2025-02-08T19:01:35Z,"soft pop","XL Recordings",0.376,0.595,3,-5.936,1,0.0496,0.303,0,0.095,0.265,144.361,4
spotify:track:1kqBTGpxaC5kGz3rPlr1TF,"PINACOLADA","PINACOLADA","Thisizlondon;Ayra Starr;6LACK",2024-08-15,177847,51,false,31crdq3kxd6kyd3h5augd33zz52u,2025-02-10T15:30:13Z,"latin afrobeats,afrobeats,shatta,afrobeat,afropop,afro r&b,afropiano,afro soul","2024 Rogue Collective, Under exclusive license to LVRN Records (Love Renaissance)",0.669,0.811,4,-6.699,0,0.193,0.123,0.00000148,0.0582,0.652,197.896,4
spotify:track:1aOl53hkZGHkl2Snhr7opL,"How Do I Say Goodbye","The Hardest Love","Dean Lewis",2022-11-04,163603,75,false,31crdq3kxd6kyd3h5augd33zz52u,2025-02-12T16:07:48Z,"","Universal Music Australia Pty. Ltd.",0.4,0.641,8,-6.303,1,0.0674,0.214,0,0.0656,0.393,81.552,4
spotify:track:4rJHH484bHZDts51o5i2CB,"I'd Rather Pretend","VANITY","Bryant Barnes",2024-07-26,184560,71,false,31crdq3kxd6kyd3h5augd33zz52u,2025-02-12T16:07:57Z,"","Republic Records",0.56,0.346,8,-9.798,1,0.0293,0.926,0.0256,0.116,0.271,129.901,4
spotify:track:2yskKhqtDAHJ73obmJh8tf,"everyday","everyday","Fireboy DML",2024-05-02,166350,57,false,31crdq3kxd6kyd3h5augd33zz52u,2025-02-12T16:08:05Z,"afrobeats,afrobeat,afropop,afro r&b,afropiano,afro soul,afroswing,afro adura","YBNL Nation / EMPIRE",0.887,0.657,9,-5.784,1,0.0908,0.153,0.000363,0.106,0.932,100.104,4
spotify:track:6tNQ70jh4OwmPGpYy6R2o9,"Beautiful Things","Beautiful Things","Benson Boone",2024-01-18,180304,86,false,31crdq3kxd6kyd3h5augd33zz52u,2025-02-12T16:08:34Z,"","Night Street Records, Inc./Warner Records Inc.",0.472,0.471,10,-5.692,1,0.0603,0.151,0,0.14,0.219,105.029,3
spotify:track:5Y35SjAfXjjG0sFQ3KOxmm,"Nobody Gets Me","SOS","SZA",2022-12-09,180853,85,true,31crdq3kxd6kyd3h5augd33zz52u,2025-02-12T16:08:51Z,"r&b","Top Dawg Entertainment/RCA Records",0.358,0.284,7,-8.285,1,0.0285,0.805,0,0.183,0.276,99.796,3
spotify:track:315aBOUD3xtj7sUMXtRgMV,"In The Stars","Fireworks & Rollerblades","Benson Boone",2024-04-05,216410,83,false,31crdq3kxd6kyd3h5augd33zz52u,2025-02-14T16:36:14Z,"","Night Street Records, Inc./Warner Records Inc.",0.362,0.54,10,-6.031,1,0.0528,0.338,0,0.139,0.3,78.007,3
spotify:track:70LcF31zb1H0PyJoS1Sx1r,"Creep","Pablo Honey","Radiohead",1993-02-22,238640,93,true,31crdq3kxd6kyd3h5augd33zz52u,2025-02-14T16:36:25Z,"art rock,alternative rock","XL Recordings",0.515,0.43,7,-9.935,1,0.0372,0.0097,0.000133,0.129,0.104,91.844,4
spotify:track:0dGqP4VickYjtIaB5VOt4H,"3:15 (Breathe)","3:15 (Breathe)","Russ",2021-05-21,184000,75,true,31crdq3kxd6kyd3h5augd33zz52u,2025-02-14T16:36:34Z,"","Russ My Way Inc",0.451,0.627,8,-4.59,1,0.127,0.591,0.00958,0.118,0.77,74.69,4
spotify:track:2xLEDO5wt8DunoSq2lJSKK,"Stop Calling","Stop Calling","JACOTÉNE",2024-11-01,178666,44,false,31crdq3kxd6kyd3h5augd33zz52u,2025-02-14T16:36:49Z,"indie jazz","NOiZE / Epic Records UK",0.645,0.842,3,-5.217,0,0.0835,0.0521,0.000242,0.116,0.386,99.767,4
spotify:track:6u1G4pHAwnkOQBJCvl6D3O,"Lord I'm Amazed","Lord I'm Amazed","Black Sherif",2025-01-14,146776,57,false,31crdq3kxd6kyd3h5augd33zz52u,2025-02-19T12:33:13Z,"asakaa,ghanaian hip hop,hiplife,afrobeats,afrobeat,afropop,afro adura,afropiano","Blacko Management / EMPIRE",0.783,0.535,11,-8.132,0,0.0441,0.0588,0.00000762,0.216,0.0556,121.03,4
spotify:track:32ricrpPgci8zrxFBpLBI6,"PITY THIS BOY (with Victony)","PITY THIS BOY","ODUMODUBLVCK;Victony",2025-02-07,165000,59,false,31crdq3kxd6kyd3h5augd33zz52u,2025-02-20T22:57:34Z,"afrobeats,nigerian drill,afrobeat,alté,afropiano,afropop,afro adura,afro r&b,afro soul","Native Sounds/Def Jam PS",0.855,0.723,11,-7.803,0,0.0619,0.596,0.00000198,0.0892,0.733,112.017,4
spotify:track:4jDmJ51x1o9NZB5Nxxc7gY,"Careless Whisper","Ladies And Gentlemen... The Best Of George Michael","George Michael",1998-11-09,300106,7,false,31crdq3kxd6kyd3h5augd33zz52u,2025-02-24T14:30:00Z,"","Sony Music Entertainment",0.574,0.628,2,-8.815,0,0.036,0.13,0,0.271,0.803,153.119,4
spotify:track:047fCsbO4NdmwCBn8pcUXl,"Marvins Room","Take Care (Deluxe)","Drake",2011-11-15,347226,80,true,31crdq3kxd6kyd3h5augd33zz52u,2025-02-25T12:36:01Z,"rap","Cash Money Records/Young Money Ent./Universal Rec.",0.492,0.26,9,-17.341,0,0.0921,0.646,0.00178,0.0705,0.312,111.519,5
spotify:track:4BhGTc3Cgay2U1QcTS7vQe,"Fire & Desire","Views","Drake",2016-05-06,238120,75,true,31crdq3kxd6kyd3h5augd33zz52u,2025-02-26T17:41:39Z,"rap","Cash Money Records/Young Money Ent./Universal Rec.",0.722,0.252,1,-14.411,0,0.0761,0.0671,0,0.0852,0.275,79.923,4
spotify:track:0NUqi0ps17YpLUC3kgsZq0,"DIE TRYING","$ome $exy $ongs 4 U","PARTYNEXTDOOR;Drake;Yebba",2025-02-14,195431,84,true,31crdq3kxd6kyd3h5augd33zz52u,2025-02-27T18:47:39Z,"dark r&b,r&b,trap soul,rap","OVO Sound",0.763,0.531,11,-6.154,1,0.0328,0.146,0,0.175,0.665,110.497,4
spotify:track:7vKXc90NT5WBm3UTT4iTVG,"KANTE (feat. Fave)","Timeless","Davido;FAVE",2023-03-30,194040,77,false,31crdq3kxd6kyd3h5augd33zz52u,2025-02-28T12:12:33Z,"afrobeats,afrobeat,afropop,afropiano,azonto,amapiano,hiplife,afroswing,afro r&b,alté,afro soul","Columbia",0.724,0.809,6,-5.022,0,0.0929,0.182,0,0.0765,0.606,99.005,4
spotify:track:1xs8bOvm3IzEYmcLJVOc34,"Rush","19 & Dangerous (Deluxe)","Ayra Starr",2022-10-21,185093,74,false,31crdq3kxd6kyd3h5augd33zz52u,2025-02-28T12:12:35Z,"afrobeats,afrobeat,afropop,afro r&b,afropiano,afro soul","Mavin Records",0.792,0.503,1,-8.044,1,0.0626,0.0369,0.00057,0.0959,0.381,99.97,4
spotify:track:6jov4DuxPbpX8hQqs2lBW5,"Angel Numbers - Afro Remix","Angel Numbers (Afro Remix)","Xtofa",2024-04-23,98186,17,false,31crdq3kxd6kyd3h5augd33zz52u,2025-02-28T12:12:46Z,"afrobeats,afrobeat","MYAIRPLAY",0.664,0.557,6,-9.225,0,0.0729,0.248,0.00196,0.106,0.828,175.996,4
spotify:track:1zgHn1EqUyA0HqNYMdJ5ia,"Best Time","Larger Than Life","Brent Faiyaz",2023-10-27,82508,77,true,31crdq3kxd6kyd3h5augd33zz52u,2025-03-09T18:46:37Z,"r&b","ISO Supremacy under exclusive license to UnitedMasters LLC",0.81,0.307,9,-7.215,1,0.12,0.16,0.00298,0.0779,0.697,92.995,4
spotify:track:7qzQfE2se3Ai5reZcxs920,"Tim's Intro","Larger Than Life","Brent Faiyaz",2023-10-27,124552,53,true,31crdq3kxd6kyd3h5augd33zz52u,2025-03-09T18:48:01Z,"r&b","ISO Supremacy under exclusive license to UnitedMasters LLC",0.602,0.554,8,-8.97,0,0.0753,0.0196,0.0000421,0.332,0.427,138.091,4
spotify:track:2Ujhdpqhj6MnXELN0GAx0x,"Make It Up To You (feat. Ayra Starr)","Sincere (Deluxe)","Khalid;Ayra Starr",2024-12-05,151786,0,false,31crdq3kxd6kyd3h5augd33zz52u,2025-03-11T12:03:10Z,"afrobeats,afrobeat,afropop,afro r&b,afropiano,afro soul","Right Hand Music Group, LLC/RCA Records",0.687,0.552,6,-6.813,1,0.0776,0.161,0,0.105,0.186,95.951,4
spotify:track:5IgjP7X4th6nMNDh4akUHb,"Under The Influence","Indigo (Extended)","Chris Brown",2019-10-04,184203,84,true,31crdq3kxd6kyd3h5augd33zz52u,2025-03-15T02:01:20Z,"r&b","Chris Brown Entertainment/RCA Records",0.755,0.562,9,-8.947,0,0.0355,0.0186,0.000231,0.18,0.368,116.931,4
spotify:track:030OCtLMrljNhp8OWHBWW3,"Hey Daddy (Daddy's Home)","Raymond v Raymond (Expanded Edition)","USHER",2010-03-30,224093,83,false,31crdq3kxd6kyd3h5augd33zz52u,2025-03-14T17:11:04Z,"r&b","LaFace Records",0.59,0.698,11,-4.262,1,0.0286,0.000176,0,0.107,0.352,95.975,4
spotify:track:2QsZVnbWVSjKMXK6K3uRBL,"U Remind Me","8701","USHER",2001-08-07,266893,74,false,31crdq3kxd6kyd3h5augd33zz52u,2025-03-14T17:11:23Z,"r&b","Arista",0.657,0.629,6,-4.938,1,0.0782,0.194,0,0.254,0.726,93.985,4
spotify:track:3azJifCSqg9fRij2yKIbWz,"The Color Violet","Alone At Prom","Tory Lanez",2021-12-10,226466,87,false,31crdq3kxd6kyd3h5augd33zz52u,2025-03-15T02:01:40Z,"","One Umbrella Records",0.645,0.534,6,-10.8,0,0.0479,0.157,0,0.0863,0.463,105.02,4
spotify:track:4r8lRYnoOGdEi6YyI5OC1o,"Bye Bye Bye","No Strings Attached","*NSYNC",2000-03-21,200560,72,false,31crdq3kxd6kyd3h5augd33zz52u,2025-03-25T13:34:00Z,"","Jive",0.614,0.928,8,-4.806,0,0.0516,0.0408,0.00104,0.0845,0.879,172.656,4
spotify:track:4zFHwVj4A8s0G5f7aOlpKo,"Hometown Glory","19","Adele",2008-01-27,271226,72,true,31crdq3kxd6kyd3h5augd33zz52u,2025-04-08T12:34:26Z,"soft pop","XL Recordings",0.436,0.336,10,-8.517,0,0.037,0.962,0.000034,0.102,0.21,122.456,4
spotify:track:0bkq8SCKDRY1RBFKIADCQK,"WAHALA (feat. Olamide)","EMOTIONS","CKay;Olamide",2024-10-18,170721,66,true,31crdq3kxd6kyd3h5augd33zz52u,2025-04-09T00:46:12Z,"afrobeats,afrobeat,afro r&b,afropop,afro adura,azonto,afropiano,afroswing","Warner Music Africa",0.852,0.566,9,-8.8,0,0.093,0.221,0.00951,0.0852,0.54,96.937,4
spotify:track:0otRX6Z89qKkHkQ9OqJpKt,"Car's Outside","YOU","James Arthur",2019-10-18,249152,83,false,31crdq3kxd6kyd3h5augd33zz52u,2025-04-09T01:08:39Z,"soft pop","Columbia Local",0.338,0.562,9,-7.181,1,0.029,0.039,0,0.107,0.259,149.907,4
spotify:track:3Ic8V1CEjOY53OVpo2k1Ap,"Off My Face","Justice (The Complete Edition)","Justin Bieber",2021-10-08,156467,48,false,31crdq3kxd6kyd3h5augd33zz52u,2025-04-11T01:56:19Z,"","RBMG/Def Jam",0.509,0.228,4,-8.68,1,0.0332,0.92,0,0.104,0.586,90.674,4
spotify:track:2HFHwTr1IBWheGoQtNNKtx,"Holy (feat. Chance The Rapper)","Justice (The Complete Edition)","Justin Bieber;Chance the Rapper",2021-10-08,212093,47,false,31crdq3kxd6kyd3h5augd33zz52u,2025-04-11T01:59:01Z,"","RBMG/Def Jam",0.67,0.693,6,-8.34,1,0.35,0.2,0,0.0909,0.388,87.017,4
spotify:track:5zNjOYCjXVaEEowdRqanBg,"Loved By You (feat. Burna Boy)","Justice (The Complete Edition)","Justin Bieber;Burna Boy",2021-10-08,159250,45,false,31crdq3kxd6kyd3h5augd33zz52u,2025-04-11T02:24:19Z,"afrobeats,afrobeat,afropop,afroswing,dancehall,afropiano","RBMG/Def Jam",0.79,0.724,1,-6.972,1,0.0852,0.0696,0.00000233,0.113,0.642,101.04,4
spotify:track:24OeEKPQ8qqNZnPevRHxUT,"Red Eye (feat. TroyBoi)","Justice (The Complete Edition)","Justin Bieber;TroyBoi",2021-10-08,187452,67,false,31crdq3kxd6kyd3h5augd33zz52u,2025-04-11T02:51:47Z,"edm trap","RBMG/Def Jam",0.815,0.816,5,-4.393,0,0.0513,0.0501,0.000887,0.0761,0.774,96.033,4
spotify:track:4AxG1T6UJJ4xCX4Wz6JDLG,"People (feat. Ayra Starr & Omah Lay)","People (Remixes)","Libianca;Ayra Starr;OMAH LAY",2023-03-31,184633,70,true,31crdq3kxd6kyd3h5augd33zz52u,2025-04-13T18:25:14Z,"afrobeats,afrobeat,afropop,afro r&b,afropiano,afro soul","5K Records Limited",0.559,0.453,10,-8.746,0,0.0684,0.592,0.0000123,0.0909,0.622,123.906,5
spotify:track:6Im9k8u9iIzKMrmV7BWtlF,"34+35","Positions","Ariana Grande",2020-10-30,173710,78,true,31crdq3kxd6kyd3h5augd33zz52u,2025-04-15T16:14:01Z,"pop","Republic Records",0.83,0.585,0,-6.476,1,0.094,0.237,0,0.248,0.485,109.978,4
spotify:track:44ONERBHALxftQNWq6dmyd,"Side To Side","Dangerous Woman","Ariana Grande;Nicki Minaj",2016-04-01,226160,83,true,31crdq3kxd6kyd3h5augd33zz52u,2025-04-15T16:14:54Z,"pop","Universal Records",0.649,0.736,6,-5.84,0,0.23,0.0528,0,0.235,0.612,159.182,4
spotify:track:3e9HZxeyfWwjeyPAMmWSSQ,"thank u, next","thank u, next","Ariana Grande",2019-02-08,207320,84,true,31crdq3kxd6kyd3h5augd33zz52u,2025-04-15T16:17:19Z,"pop","Republic Records",0.72,0.654,1,-5.634,1,0.0647,0.227,0,0.101,0.411,106.976,4
spotify:track:2kZoOj1n5vk9BuF0sih58M,"SOMEBODY LOVES ME","$ome $exy $ongs 4 U","PARTYNEXTDOOR;Drake",2025-02-14,182767,80,true,31crdq3kxd6kyd3h5augd33zz52u,2025-04-17T05:51:41Z,"dark r&b,r&b,trap soul,rap","OVO Sound",0.365,0.511,9,-6.14,1,0.0905,0.514,0,0.702,0.222,77.029,3
spotify:track:0Z5ok0QLLttAKsujOZYOXf,"Chasing Pavements","19","Adele",2008-01-27,210506,78,false,31crdq3kxd6kyd3h5augd33zz52u,2025-04-21T03:26:01Z,"soft pop","XL Recordings",0.616,0.47,5,-6.092,0,0.0253,0.291,0,0.111,0.325,80.03,4
spotify:track:563SfWAHJs4FBZMkRN0IFN,"Send My Love (To Your New Lover)","25","Adele",2015-11-20,223078,80,false,31crdq3kxd6kyd3h5augd33zz52u,2025-04-21T03:28:25Z,"soft pop","XL Recordings",0.688,0.533,6,-8.363,0,0.0865,0.0355,0.00000348,0.172,0.567,164.069,4
spotify:track:4vVTI94F9uJ8lHNDWKv0i2,"Eenie Meenie","Eenie Meenie","Sean Kingston;Justin Bieber",2010-03-23,201946,88,false,31crdq3kxd6kyd3h5augd33zz52u,2025-04-21T18:34:09Z,"","Epic/Beluga Heights",0.72,0.607,1,-4.168,1,0.0322,0.0543,0,0.113,0.828,121.223,4
spotify:track:4iJyoBOLtHqaGxP12qzhQI,"Peaches (feat. Daniel Caesar & Giveon)","Justice","Justin Bieber;Daniel Caesar;GIVĒON",2021-03-19,198081,85,true,31crdq3kxd6kyd3h5augd33zz52u,2025-04-21T18:37:47Z,"r&b","RBMG/Def Jam",0.677,0.696,0,-6.181,1,0.119,0.321,0,0.42,0.464,90.03,4
spotify:track:3kZLeZr4StCy1tlOBRJrUH,"Lifetime","Justice (Triple Chucks Deluxe)","Justin Bieber",2021-03-26,207020,64,false,31crdq3kxd6kyd3h5augd33zz52u,2025-04-21T19:21:48Z,"","RBMG/Def Jam",0.669,0.276,2,-7.077,1,0.0282,0.769,0,0.115,0.341,90.025,3
spotify:track:1HNkqx9Ahdgi1Ixy2xkKkL,"Photograph","x (Deluxe Edition)","Ed Sheeran",2014-06-21,258986,88,false,31crdq3kxd6kyd3h5augd33zz52u,2025-04-21T19:36:32Z,"soft pop","Atlantic Records UK",0.614,0.379,4,-10.48,1,0.0476,0.607,0.000464,0.0986,0.201,107.989,4
spotify:track:0PDUDa38GO8lMxLCRc4lL1,"PILLOWTALK","Mind Of Mine (Deluxe Edition)","ZAYN",2016-03-25,202749,83,true,31crdq3kxd6kyd3h5augd33zz52u,2025-04-21T21:05:36Z,"","RCA Records Label",0.584,0.7,11,-4.275,1,0.0456,0.117,0,0.0939,0.438,124.944,4
spotify:track:4KyHNkxHKIQLutusfcj4ez,"KU LO SA","OFA: Deluxe Edition","Oxlade",2025-04-04,148746,41,false,31crdq3kxd6kyd3h5augd33zz52u,2025-04-21T21:05:39Z,"afrobeats,afrobeat,afropop,afro r&b,alté,afroswing,afro soul,afropiano","Troniq Inc",0.604,0.689,1,-5.219,1,0.0723,0.472,0,0.55,0.786,93.071,4
spotify:track:7GaFYUqP2WdR4KTPk7cXoP,"Let Me Love You","Turning Point","Mario",2004-03-15,249120,78,false,31crdq3kxd6kyd3h5augd33zz52u,2025-04-21T21:05:41Z,"r&b","J Records",0.686,0.588,7,-8.343,0,0.0554,0.178,0,0.0954,0.617,94.519,4
spotify:track:6rkBheA9tkiANS52iljHUb,"Hit & Run (feat. Masicka & Di Genius)","Die For You","Shenseea;Masicka;Di Genius",2024-03-29,169581,0,true,31crdq3kxd6kyd3h5augd33zz52u,2025-05-06T13:19:31Z,"dancehall,soca,afrobeats,riddim,ragga","Rich Immigrants/Interscope Records",0.819,0.63,5,-3.403,1,0.0503,0.192,0,0.115,0.763,95.014,4
spotify:track:3QFOdlIjY2EyjLij20OjdB,"Foreplay","Foreplay","Shenseea",2019-12-08,166159,66,true,31crdq3kxd6kyd3h5augd33zz52u,2025-05-06T13:19:43Z,"dancehall,soca,afrobeats","Rich Immigrants/Interscope Records",0.699,0.645,10,-4.591,1,0.206,0.454,0,0.135,0.517,173.836,4
spotify:track:3XqM8hLCEYlbnFjoWwqtFv,"Angel Numbers / Ten Toes","11:11","Chris Brown",2023-11-10,306847,78,true,31crdq3kxd6kyd3h5augd33zz52u,2025-05-06T19:45:48Z,"r&b","Chris Brown Entertainment/RCA Records",0.406,0.5,4,-8.452,0,0.0501,0.192,0,0.175,0.0905,157.984,4
spotify:track:6dOtVTDdiauQNBQEDOtlAB,"BIRDS OF A FEATHER","HIT ME HARD AND SOFT","Billie Eilish",2024-05-17,210373,95,false,31crdq3kxd6kyd3h5augd33zz52u,2025-05-12T16:50:12Z,"","Darkroom/Interscope Records",0.747,0.507,2,-10.171,1,0.0358,0.2,0.0608,0.117,0.438,104.978,4
spotify:track:4APjAhy7QBjYM74XccNi0R,"Too Sweet","Unreal Unearth: Unending","Hozier",2024-12-06,251424,42,false,31crdq3kxd6kyd3h5augd33zz52u,2025-05-12T16:50:27Z,"","Rubyworks / Universal-Island Records Ltd",0.74,0.624,10,-5.433,1,0.0405,0.0395,0.00179,0.0428,0.961,117.024,4
spotify:track:7CyPwkp0oE8Ro9Dd5CUDjW,"One Of The Girls (with JENNIE, Lily Rose Depp)","The Idol Episode 4 (Music from the HBO Original Series)","The Weeknd;JENNIE;Lily-Rose Depp",2023-06-23,244684,92,false,31crdq3kxd6kyd3h5augd33zz52u,2025-05-12T17:14:59Z,"k-pop","XO / Republic Records",0.264,0.64,8,-6.221,1,0.0442,0.0393,0.00000231,0.151,0.19,84.828,4
spotify:track:43zdsphuZLzwA9k4DJhU0I,"when the party's over","WHEN WE ALL FALL ASLEEP, WHERE DO WE GO?","Billie Eilish",2019-03-29,196077,85,false,31crdq3kxd6kyd3h5augd33zz52u,2025-05-12T17:16:35Z,"","Darkroom/Interscope Records",0.367,0.111,4,-14.084,1,0.0972,0.978,0.0000397,0.0897,0.198,82.642,4
spotify:track:3GCdLUSnKSMJhs4Tj6CV3s,"All The Stars (with SZA) - From ""Black Panther: The Album""","Black Panther The Album Music From And Inspired By","Kendrick Lamar;SZA",2018-02-09,232186,91,true,31crdq3kxd6kyd3h5augd33zz52u,2025-05-12T17:16:41Z,"hip hop,west coast hip hop,r&b","Black Panther (TDE/DMG) PS",0.695,0.633,8,-4.946,1,0.0599,0.0612,0.000195,0.0926,0.557,96.782,4
spotify:track:7hDVYcQq6MxkdJGweuCtl9,"ocean eyes","dont smile at me","Billie Eilish",2017-12-22,200379,81,false,31crdq3kxd6kyd3h5augd33zz52u,2025-05-12T17:17:10Z,"","Darkroom",0.511,0.363,4,-7.65,0,0.041,0.816,0.0317,0.084,0.169,144.892,4
spotify:track:3qS4spuVywoeh9uGIpRuQh,"Bout U","Bout U","Rema",2025-04-10,163481,65,false,31crdq3kxd6kyd3h5augd33zz52u,2025-05-13T01:05:32Z,"afrobeats,afrobeat,afropop,afropiano","Mavin Global Holdings Ltd",0.649,0.773,2,-4.384,1,0.0474,0.183,0.00000849,0.272,0.485,94.027,4
spotify:track:6NOrpcicPUh2eaj8bAD44u,"Baby (Is it a Crime)","Baby (Is it a Crime)","Rema",2025-02-07,164151,72,false,31crdq3kxd6kyd3h5augd33zz52u,2025-05-13T17:58:48Z,"afrobeats,afrobeat,afropop,afropiano","Mavin Global Holdings Ltd",0.58,0.665,5,-4.659,0,0.0438,0.0751,0.00000432,0.39,0.695,129.915,5
spotify:track:1k51Q6GFWBbsaWlBB2gnzo,"Gimme Dat (feat. Wizkid)","Gimme Dat","Ayra Starr;Wizkid",2025-04-25,225500,70,false,31crdq3kxd6kyd3h5augd33zz52u,2025-05-25T16:14:35Z,"afrobeats,afrobeat,afropop,afro r&b,afropiano,afro soul,azonto,afroswing","Republic Records",0.739,0.754,10,-5.284,1,0.177,0.00851,0,0.0981,0.596,94.851,4
spotify:track:5Y77SQxEr1eiofPeUTPHxM,"You","Street Love","Lloyd;Lil Wayne",2007-01-01,273133,84,false,31crdq3kxd6kyd3h5augd33zz52u,2025-05-27T14:24:07Z,"r&b,rap,hip hop","I.G. Records, Inc./Universal Records",0.412,0.876,5,-6.008,0,0.472,0.102,0,0.297,0.706,130.21,5
spotify:track:2LBqCSwhJGcFQeTHMVGwy3,"Die For You","Starboy","The Weeknd",2016-11-24,260253,86,false,31crdq3kxd6kyd3h5augd33zz52u,2025-05-30T18:34:25Z,"","The Weeknd/Lyric",0.586,0.525,1,-7.163,0,0.0615,0.111,0,0.134,0.508,133.629,4
spotify:track:34ceTg8ChN5HjrqiIYCn9Q,"Miss Independent","Year Of The Gentleman (Bonus Track Edition)","Ne-Yo",2008-01-01,232000,82,false,31crdq3kxd6kyd3h5augd33zz52u,2025-06-01T23:47:22Z,"","Def Soul",0.673,0.681,1,-5.693,1,0.118,0.52,0,0.235,0.707,171.864,4
spotify:track:3TE63cYprXuCR2GFn7TeEG,"Clench My Fist","BORUTO -NARUTO THE MOVIE- Original Soundtrack","Yasuharu Takanashi;YAIBA",2015-08-05,190080,24,false,31crdq3kxd6kyd3h5augd33zz52u,2025-06-06T19:02:44Z,"anime,soundtrack","Aniplex Inc.",0.135,0.505,1,-12.306,0,0.0415,0.0237,0.719,0.0768,0.0756,95.095,3
spotify:track:1bEnIDpwKsyhDauHVoMz6t,"Blue Bird (From ""Naruto Shippuden"")","Blue Bird (From ""Naruto Shippuden"")","Akano",2020-12-22,100200,60,false,31crdq3kxd6kyd3h5augd33zz52u,2025-06-06T19:03:00Z,"anime","Akano",0.594,0.868,6,-3.286,0,0.0606,0.0209,0,0.209,0.691,151.976,4
spotify:track:1hWYT0w2R0J19rlVkiez7X,"Battle Scars (with Guy Sebastian)","Food & Liquor II: The Great American Rap Album, Pt. 1","Lupe Fiasco;Guy Sebastian",2012-09-25,250320,66,false,31crdq3kxd6kyd3h5augd33zz52u,2025-06-11T15:24:50Z,"","1st & 15th/Atlantic",0.517,0.811,5,-4.526,0,0.286,0.186,0,0.105,0.494,168.269,4
spotify:track:190jyVPHYjAqEaOGmMzdyk,"Beauty And A Beat","Believe (Deluxe Edition)","Justin Bieber;Nicki Minaj",2012-06-15,227986,87,false,31crdq3kxd6kyd3h5augd33zz52u,2025-06-16T17:29:04Z,"","RBMG/Def Jam",0.602,0.843,0,-4.831,1,0.0593,0.000688,0.0000527,0.0682,0.526,128.003,4
spotify:track:4rHZZAmHpZrA3iH5zx8frV,"Mirrors","The 20/20 Experience (Deluxe Version)","Justin Timberlake",2013-03-15,485598,86,false,31crdq3kxd6kyd3h5augd33zz52u,2025-06-16T19:01:08Z,"","RCA Records Label",0.574,0.512,5,-6.664,0,0.0503,0.234,0,0.0946,0.512,76.899,4
spotify:track:1Cbl3Yq8rHo7hhDQmLQagU,"PUSH 2 START","TYLA +","Tyla",2024-10-11,156825,81,false,31crdq3kxd6kyd3h5augd33zz52u,2025-06-16T19:24:03Z,"afrobeats","FAX Records/Epic",0.683,0.814,2,-3.505,1,0.0466,0.277,0.00826,0.0858,0.758,93.482,4
spotify:track:0COqiPhxzoWICwFCS4eZcp,"Bring Me To Life","Fallen","Evanescence",2003-03-04,235893,91,false,31crdq3kxd6kyd3h5augd33zz52u,2025-07-05T18:39:35Z,"alternative metal","The Bicycle Music Company",0.331,0.943,4,-3.188,0,0.0698,0.00721,0.00000206,0.242,0.296,94.612,4
spotify:track:2OpBganfGk2GVdSlRdxzaX,"Better","Suncity","Khalid",2018-10-19,229319,81,true,31crdq3kxd6kyd3h5augd33zz52u,2025-07-05T21:56:28Z,"","Right Hand Music Group, LLC/RCA Records",0.695,0.586,0,-10.315,0,0.0658,0.102,0.317,0.113,0.112,98.035,4
spotify:track:5uCax9HTNlzGybIStD3vDh,"Say You Won't Let Go","Back from the Edge","James Arthur",2016-10-28,211477,85,false,31crdq3kxd6kyd3h5augd33zz52u,2025-07-16T19:50:08Z,"soft pop","Columbia",0.358,0.557,10,-7.398,1,0.059,0.695,0,0.0902,0.494,85.043,4
spotify:track:5yVIlYEHZxQVLyInCdldoS,"Impossible","James Arthur (Deluxe)","James Arthur",2013-11-04,209440,83,false,31crdq3kxd6kyd3h5augd33zz52u,2025-07-16T19:50:27Z,"soft pop","Syco Music",0.376,0.695,0,-4.782,0,0.0933,0.135,0,0.11,0.302,169.533,4
spotify:track:6brl7bwOHmGFkNw3MBqssT,"So Sick","In My Own Words","Ne-Yo",2006-01-01,207186,82,false,31crdq3kxd6kyd3h5augd33zz52u,2025-07-24T14:46:57Z,"","Def Soul",0.452,0.574,6,-8.336,1,0.311,0.245,0,0.189,0.578,92.795,4
spotify:track:5cF0dROlMOK5uNZtivgu50,"Attention","Voicenotes","Charlie Puth",2018-05-11,208786,88,false,31crdq3kxd6kyd3h5augd33zz52u,2025-08-04T19:01:42Z,"soft pop","Artist Partner",0.775,0.613,3,-4.586,0,0.0542,0.109,0.0000233,0.134,0.797,100.066,4
spotify:track:1mXVgsBdtIVeCLJnSnmtdV,"Too Good At Goodbyes","The Thrill Of It All (Special Edition)","Sam Smith",2017-11-03,201000,83,false,31crdq3kxd6kyd3h5augd33zz52u,2025-08-04T19:01:52Z,"soft pop","PLG - Capitol",0.715,0.372,5,-8.237,1,0.0443,0.638,0,0.169,0.474,91.931,4
spotify:track:7t3Xdbufg7q2onVsR8RBdY,"Fire On Fire","Love Goes","Sam Smith",2020-10-30,246735,78,false,31crdq3kxd6kyd3h5augd33zz52u,2025-08-04T19:01:55Z,"soft pop","PLG - Capitol",0.584,0.408,1,-7.356,0,0.0461,0.476,0,0.18,0.333,115.129,4
spotify:track:5Nm9ERjJZ5oyfXZTECKmRt,"Stay With Me","In The Lonely Hour","Sam Smith",2014-05-26,172723,83,false,31crdq3kxd6kyd3h5augd33zz52u,2025-08-04T19:01:57Z,"soft pop","PLG - Capitol",0.413,0.42,0,-6.444,1,0.0416,0.588,0.0000639,0.11,0.185,84.126,4
spotify:track:3xkHsmpQCBMytMJNiDf3Ii,"Beautiful Things","Fireworks & Rollerblades","Benson Boone",2024-04-05,180304,89,false,31crdq3kxd6kyd3h5augd33zz52u,2025-08-04T19:12:41Z,"","Night Street Records, Inc./Warner Records Inc.",0.472,0.471,10,-5.692,1,0.0603,0.151,0,0.14,0.219,105.029,3
spotify:track:6wmAHw1szh5RCKSRjiXhPe,"How Long","Voicenotes","Charlie Puth",2018-05-11,200853,79,false,31crdq3kxd6kyd3h5augd33zz52u,2025-08-05T16:38:08Z,"soft pop","Artist Partner",0.845,0.561,1,-5.253,0,0.0778,0.211,0.00000349,0.0383,0.811,109.974,4
spotify:track:5Mg4ZgUgR6whGObRh6UGn0,"DARK ARIA <LV2>","LEveL","SawanoHiroyuki[nZk];XAI",2024-01-24,142077,67,false,31crdq3kxd6kyd3h5augd33zz52u,2025-08-05T18:17:38Z,"anime,j-pop,j-rock","Sony Music Labels Inc.",0.449,0.516,3,-6.814,0,0.0306,0.405,0,0.137,0.167,80.022,4
spotify:track:6I3mqTwhRpn34SLVafSH7G,"Ghost","Justice","Justin Bieber",2021-03-19,153190,87,false,31crdq3kxd6kyd3h5augd33zz52u,2025-08-10T01:53:52Z,"","RBMG/Def Jam",0.601,0.741,2,-5.569,1,0.0478,0.185,0.0000291,0.415,0.441,153.96,4
spotify:track:2eAvDnpXP5W0cVtiI0PUxV,"Dandelions","Safe Haven","Ruth B.",2017-05-05,233720,87,false,31crdq3kxd6kyd3h5augd33zz52u,2025-08-10T01:54:01Z,"","Columbia",0.609,0.692,1,-2.958,1,0.0259,0.0157,0,0.0864,0.454,116.959,3
spotify:track:0u2P5u6lvoDfwTYjAADbn4,"lovely (with Khalid)","lovely (with Khalid)","Billie Eilish;Khalid",2018-04-19,200185,88,false,31crdq3kxd6kyd3h5augd33zz52u,2025-08-10T01:54:42Z,"","Darkroom",0.351,0.296,4,-10.109,0,0.0333,0.934,0,0.095,0.12,115.284,4
spotify:track:7qEHsqek33rTcFNT9PFqLf,"Someone You Loved","Divinely Uninspired To A Hellish Extent","Lewis Capaldi",2019-05-17,182160,88,false,31crdq3kxd6kyd3h5augd33zz52u,2025-08-10T01:55:12Z,"soft pop","Vertigo Berlin",0.501,0.405,1,-5.679,1,0.0319,0.751,0,0.105,0.446,109.891,4
spotify:track:2gMXnyrvIjhVBUZwvLZDMP,"Before You Go","Divinely Uninspired To A Hellish Extent (Extended Edition)","Lewis Capaldi",2019-11-22,215106,84,false,31crdq3kxd6kyd3h5augd33zz52u,2025-08-10T01:55:15Z,"soft pop","Vertigo Berlin",0.459,0.574,3,-4.857,1,0.0577,0.608,0,0.0885,0.183,111.881,4
spotify:track:5qrSlOut2rNAWv3ubArkNy,"Be Alright","A Place We Knew","Dean Lewis",2019-03-22,196493,78,true,31crdq3kxd6kyd3h5augd33zz52u,2025-08-10T01:55:23Z,"","Universal Music Australia Pty. Ltd.",0.551,0.537,11,-7.595,1,0.034,0.705,0,0.0802,0.493,126.421,4
spotify:track:4cktbXiXOapiLBMprHFErI,"Memories","JORDI (Deluxe)","Maroon 5",2021-06-11,189486,84,false,31crdq3kxd6kyd3h5augd33zz52u,2025-08-10T01:55:49Z,"pop","Interscope Records*",0.775,0.327,11,-7.241,1,0.0557,0.841,0,0.0821,0.595,91.05,4
spotify:track:4l0RmWt52FxpVxMNni6i63,"you broke me first","TOO YOUNG TO BE SAD","Tate McRae",2021-03-26,170234,84,true,31crdq3kxd6kyd3h5augd33zz52u,2025-08-10T01:56:21Z,"","RCA Records Label",0.66,0.379,4,-9.357,1,0.0543,0.798,0,0.0913,0.0762,124.027,4
spotify:track:5O2P9iiztwhomNh8xkR9lJ,"Night Changes","FOUR (Deluxe)","One Direction",2014-11-17,226597,89,false,31crdq3kxd6kyd3h5augd33zz52u,2025-08-10T01:56:25Z,"","Syco Music",0.672,0.52,8,-7.747,1,0.0353,0.859,0,0.115,0.37,120.001,4
spotify:track:1u8c2t2Cy7UBoG4ArRcF5g,"Blank Space","1989 (Deluxe)","Taylor Swift",2014-01-01,231826,85,false,31crdq3kxd6kyd3h5augd33zz52u,2025-08-10T01:56:38Z,"","Taylor Swift",0.76,0.703,5,-5.412,1,0.054,0.103,0,0.0913,0.57,95.997,4
spotify:track:4cluDES4hQEUhmXj6TXkSo,"What Makes You Beautiful","Up All Night","One Direction",2012-05-25,199986,87,false,31crdq3kxd6kyd3h5augd33zz52u,2025-08-10T01:56:40Z,"","Syco Music UK",0.726,0.787,4,-2.494,1,0.0737,0.009,0,0.0596,0.888,124.99,4
spotify:track:1V6gIisPpYqgFeWbMLI0bA,"Heart Attack","Demi","Demi Lovato",2013-01-01,210840,83,false,31crdq3kxd6kyd3h5augd33zz52u,2025-08-10T01:56:42Z,"","Hollywood Records",0.504,0.785,8,-4.802,1,0.104,0.0738,0,0.239,0.502,173.968,4
spotify:track:5T7ZFtCcOgkpjxcuaeZbw0,"Best Song Ever","Midnight Memories (Deluxe)","One Direction",2013-11-25,200111,79,false,31crdq3kxd6kyd3h5augd33zz52u,2025-08-10T01:56:45Z,"","Syco Music",0.652,0.877,1,-2.986,1,0.0465,0.0227,0,0.0789,0.486,118.491,4
spotify:track:2K87XMYnUMqLcX3zvtAF4G,"Drag Me Down","Made In The A.M. (Deluxe Edition)","One Direction",2015-11-13,192112,81,false,31crdq3kxd6kyd3h5augd33zz52u,2025-08-10T01:56:47Z,"","Syco Music",0.731,0.703,0,-5.672,0,0.0368,0.111,0,0.0657,0.595,138.111,4
spotify:track:5jsw9uXEGuKyJzs0boZ1bT,"Stitches","Handwritten","Shawn Mendes",2015-04-14,206880,86,false,31crdq3kxd6kyd3h5augd33zz52u,2025-08-10T01:56:49Z,"","Island Records",0.752,0.754,1,-6.684,1,0.0615,0.0151,0,0.0486,0.755,149.789,4
spotify:track:3QGsuHI8jO1Rx4JWLUh9jd,"Treat You Better","Illuminate","Shawn Mendes",2017-04-20,187973,88,false,31crdq3kxd6kyd3h5augd33zz52u,2025-08-10T01:56:51Z,"","Island Records",0.443,0.82,10,-4.091,0,0.34,0.107,0,0.107,0.771,82.697,4
spotify:track:7JJmb5XwzOO8jgpou264Ml,"There's Nothing Holdin' Me Back","Illuminate (Deluxe)","Shawn Mendes",2017-04-20,199440,88,false,31crdq3kxd6kyd3h5augd33zz52u,2025-08-10T01:56:55Z,"","Island Records",0.866,0.811,11,-4.063,0,0.0553,0.375,0,0.078,0.969,121.995,4
spotify:track:0AS63m1wHv9n4VVRizK6Hc,"Mercy","Illuminate (Deluxe)","Shawn Mendes",2017-04-20,208733,83,false,31crdq3kxd6kyd3h5augd33zz52u,2025-08-10T01:56:58Z,"","Island Records",0.554,0.662,11,-4.957,0,0.0821,0.126,0,0.111,0.338,148.122,4
spotify:track:38Shfd0qYtHopmcmVM1cic,"good denim","good denim","jalen chords",2025-06-20,147899,45,true,31crdq3kxd6kyd3h5augd33zz52u,2025-08-16T01:43:05Z,"","jalen chords",0.528,0.77,4,-5.219,0,0.494,0.0304,0,0.259,0.802,91.842,4
spotify:track:44G2gUVQvNNZ6w3i05tR4n,"Sensational (feat. Davido & Lojay)","11:11","Chris Brown;Davido;Lojay",2023-11-10,231109,68,true,31crdq3kxd6kyd3h5augd33zz52u,2025-08-24T17:01:54Z,"r&b,afrobeats,afrobeat,afropop,afropiano,azonto,amapiano,hiplife,afroswing,afro r&b,alté","Chris Brown Entertainment/RCA Records",0.774,0.609,6,-7.077,1,0.126,0.101,0,0.117,0.797,100.008,4
spotify:track:2dHHgzDwk4BJdRwy9uXhTO,"Creepin' (with The Weeknd & 21 Savage)","HEROES & VILLAINS","Metro Boomin;The Weeknd;21 Savage",2022-12-02,221520,82,true,31crdq3kxd6kyd3h5augd33zz52u,2025-09-02T23:48:48Z,"","Republic Records",0.716,0.613,1,-6.018,0,0.0522,0.391,0,0.0813,0.157,97.914,4
spotify:track:1Es7AUAhQvapIcoh3qMKDL,"Timeless (feat. Playboi Carti)","Timeless","The Weeknd;Playboi Carti",2024-09-27,256000,14,true,31crdq3kxd6kyd3h5augd33zz52u,2025-09-02T23:48:52Z,"rage rap","XO / Republic Records",0.769,0.722,11,-5.485,0,0.0507,0.0584,0.00000256,0.111,0.57,119.973,4
spotify:track:7t1lBIr3WIEtqQEOdZFMUf,"Look What You've Done","Take Care (Deluxe)","Drake",2011-11-15,301960,74,true,31crdq3kxd6kyd3h5augd33zz52u,2025-09-07T21:53:34Z,"rap","Cash Money Records/Young Money Ent./Universal Rec.",0.495,0.351,3,-14.669,0,0.34,0.485,0,0.0967,0.271,134.369,4
spotify:track:0nkzd3yNniB767zSDDdLZ3,"Awake and Alive","Awake","Skillet",2009-08-21,209493,76,false,31crdq3kxd6kyd3h5augd33zz52u,2025-09-26T11:44:00Z,"christian rock,christian alternative rock,christian","Atlantic Records",0.434,0.939,4,-2.983,0,0.0593,0.0425,0,0.491,0.569,159.932,4
spotify:track:1mea3bSkSGXuIRvnydlB5b,"Viva La Vida","Viva La Vida or Death and All His Friends","Coldplay",2008-06-06,242373,89,false,31crdq3kxd6kyd3h5augd33zz52u,2025-09-27T03:22:50Z,"","Parlophone UK",0.486,0.617,5,-7.115,0,0.0287,0.0954,0.00000323,0.109,0.417,138.015,4
spotify:track:60a0Rd6pjrkxjPbaKzXjfq,"In the End","Hybrid Theory (Bonus Edition)","Linkin Park",2000-10-24,216880,91,false,31crdq3kxd6kyd3h5augd33zz52u,2025-09-29T04:20:05Z,"nu metal,rap metal,rock,alternative metal","Warner Records",0.556,0.864,3,-5.87,0,0.0584,0.00958,0,0.209,0.4,105.143,4
spotify:track:2nLtzopw4rPReszdYBJU6h,"Numb","Meteora","Linkin Park",2003-03-25,187520,90,false,31crdq3kxd6kyd3h5augd33zz52u,2025-09-29T04:20:20Z,"nu metal,rap metal,rock,alternative metal","Warner Records",0.488,0.87,6,-4.185,0,0.0421,0.00353,0,0.484,0.211,110.072,4
spotify:track:18lR4BzEs7e3qzc0KVkTpU,"What I've Done","Minutes to Midnight","Linkin Park",2007-05-14,205226,87,false,31crdq3kxd6kyd3h5augd33zz52u,2025-09-29T04:20:45Z,"nu metal,rap metal,rock,alternative metal","Warner Records",0.627,0.935,5,-4.882,1,0.0324,0.0092,0,0.147,0.287,120.092,4
spotify:track:08mG3Y1vljYA6bvDt4Wqkj,"Back In Black","Back In Black","AC/DC",1980-07-25,256000,88,false,31crdq3kxd6kyd3h5augd33zz52u,2025-10-03T20:42:21Z,"rock,hard rock,classic rock,rock and roll","Columbia",0.31,0.7,9,-5.678,1,0.047,0.011,0.00965,0.0828,0.763,188.386,4
spotify:track:2zYzyRzz6pRmhPzyfMEC8s,"Highway to Hell","Highway to Hell","AC/DC",1979-07-27,208110,89,false,31crdq3kxd6kyd3h5augd33zz52u,2025-10-03T20:42:28Z,"rock,hard rock,classic rock,rock and roll","Columbia",0.574,0.913,6,-4.793,0,0.133,0.061,0.00158,0.156,0.423,115.728,4
spotify:track:1De425SCFJULIHbcmeebUw,"LET THE WORLD BURN","LET THE WORLD BURN","Chris Grey",2024-03-08,163290,82,false,31crdq3kxd6kyd3h5augd33zz52u,2025-10-06T17:03:23Z,"dark r&b","PLVTINUM LLC",0.377,0.557,5,-6.934,0,0.0311,0.128,0,0.163,0.248,92.89,4
spotify:track:60Jn0ge4EIHRecFarOZ5qn,"ALWAYS BEEN YOU","THE CASTLE NEVER FALLS","Chris Grey",2024-10-18,128500,67,false,31crdq3kxd6kyd3h5augd33zz52u,2025-10-06T17:03:48Z,"dark r&b","Chris Grey",0.248,0.556,8,-7.02,0,0.0329,0.277,0,0.278,0.276,74.436,3
spotify:track:3htoQPC7v5x04gWCQz1y2S,"WRONG","FUNHOUSE / WRONG","Chris Grey",2025-07-25,177250,75,false,31crdq3kxd6kyd3h5augd33zz52u,2025-10-09T02:13:00Z,"dark r&b","Chris Grey",0.478,0.57,2,-5.55,0,0.03,0.131,0,0.132,0.0788,99.179,4
spotify:track:71NNPV1TSGhdoQ7ebGY8py,"MAKE THE ANGELS CRY","THE CASTLE NEVER FALLS","Chris Grey",2024-10-18,142250,65,false,31crdq3kxd6kyd3h5augd33zz52u,2025-10-09T02:13:06Z,"dark r&b","Chris Grey",0.275,0.333,2,-8.005,0,0.0323,0.658,0,0.102,0.172,75.921,4
spotify:track:3xCCf8zY75oE0EtCNTkFQJ,"COLD BLOODED","THE CASTLE NEVER FALLS","Chris Grey",2024-10-18,172333,61,true,31crdq3kxd6kyd3h5augd33zz52u,2025-10-09T02:13:17Z,"dark r&b","Chris Grey",0.452,0.486,1,-8.719,0,0.0474,0.208,0,0.167,0.0729,125.062,4
spotify:track:7rIovIsXE6kMn629b7kDig,"I Will Survive","Love Tracks","Gloria Gaynor",1978-11-27,296106,79,false,31crdq3kxd6kyd3h5augd33zz52u,2025-10-09T02:20:55Z,"disco","Polydor",0.77,0.775,9,-9.571,0,0.0495,0.0227,0.00262,0.297,0.802,116.935,4
spotify:track:17phhZDn6oGtzMe56NuWvj,"Lose Control","I've Tried Everything But Therapy (Part 1)","Teddy Swims",2023-09-15,210688,89,false,31crdq3kxd6kyd3h5augd33zz52u,2025-10-12T04:58:00Z,"","Warner Records",0.561,0.604,9,-4.409,1,0.0337,0.199,0.000019,0.104,0.242,159.92,3
spotify:track:3LBM25IgxI9y549SiYxtSi,"Stuck On You","When It's All Said And Done... Take Time","GIVĒON",2021-03-12,205205,75,false,31crdq3kxd6kyd3h5augd33zz52u,2025-10-13T01:14:28Z,"r&b","Epic/Not So Fast",0.599,0.463,7,-7.449,1,0.0472,0.162,0.0000664,0.141,0.141,158.053,3
spotify:track:2fTsFCKRFQ5M0igJgabnLA,"Price Tag","Who You Are (Platinum Edition)","Jessie J;B.o.B",2011-01-01,223053,79,false,31crdq3kxd6kyd3h5augd33zz52u,2025-10-13T01:53:53Z,"","Lava Music/Republic Records",0.636,0.831,5,-3.945,1,0.182,0.0294,0.00000385,0.272,0.668,175.015,4
spotify:track:7EiZI6JVHllARrX9PUvAdX,"Low Life (feat. The Weeknd)","EVOL","Future;The Weeknd",2016-04-13,313546,83,true,31crdq3kxd6kyd3h5augd33zz52u,2025-11-12T18:00:05Z,"rap","Epic/Freebandz/A1",0.722,0.331,8,-7.789,1,0.0726,0.337,0.282,0.146,0.102,143.961,4
spotify:track:5M2ztfcb9GBGmZdUFkSzfQ,"SORRY","SORRY","NF;James Arthur",2025-11-13,191519,69,false,31crdq3kxd6kyd3h5augd33zz52u,2025-11-14T13:46:02Z,"christian hip hop,soft pop","NF Real Music II",0.673,0.655,1,-6.763,1,0.0332,0.19,0,0.0805,0.165,119.969,4
spotify:track:7x5xYW5W42OGPAdHUyyguy,"Locked Away (feat. Adam Levine)","What Dreams Are Made Of","R. City;Adam Levine",2015-10-09,227475,83,false,31crdq3kxd6kyd3h5augd33zz52u,2025-11-14T21:53:57Z,"","Kemosabe Records/RCA Records",0.509,0.671,1,-5.709,1,0.0678,0.304,0,0.0452,0.55,118.413,5
spotify:track:0Ot6e3wYVQQ1Us9PM977jE,"A Little Death","Thank You,","The Neighbourhood",2012-12-18,209706,73,false,31crdq3kxd6kyd3h5augd33zz52u,2025-11-17T21:51:00Z,"","Columbia",0.53,0.763,6,-4.712,0,0.0332,0.0026,0.00000186,0.105,0.338,88.013,4
spotify:track:5UDv726vPnY2diGOkY1DkS,"Where Have You Been (Orchestra)","Where Have You Been (Orchestra)","Lune;mikeeysmind;Unjaps",2025-09-17,171264,75,false,31crdq3kxd6kyd3h5augd33zz52u,2025-11-17T21:56:03Z,"afro soul","Unseen Sounds",0.283,0.438,10,-14.361,0,0.0471,0.00297,0,0.672,0.278,121.504,4
spotify:track:3K1jQkNlpF4CssUUtlU3kl,"Sisqo Thong Song (1950s Motown Choir Cover Version)","Sisqo Thong Song (1950s Motown Choir Cover Version)","KKJJ",2025-11-27,125491,27,false,31crdq3kxd6kyd3h5augd33zz52u,2025-11-30T22:39:12Z,"","KKJJ Music",0.761,0.313,0,-14.898,1,0.0509,0.704,0,0.372,0.659,120.821,4
spotify:track:057YRaQ57p70MVg4hMIIkB,"Камин (feat. JONY)","Камин (feat. JONY)","EMIN;JONY",2020-03-27,187619,77,false,31crdq3kxd6kyd3h5augd33zz52u,2025-12-04T20:46:12Z,"","Atlantic Records Russia (Distribution)",0.517,0.549,9,-6.941,0,0.0303,0.762,0,0.362,0.223,126.027,4
spotify:track:34p3DAeG3AVD77CdlA3Pj5,"Жених и невеста","Голубка","Братья Шахунц",2013-09-11,264044,20,false,31crdq3kxd6kyd3h5augd33zz52u,2025-12-04T21:11:09Z,"","Zion Music",0.743,0.737,9,-7.562,0,0.0306,0.19,0,0.085,0.618,131.977,4
spotify:track:0heE5tAAaDQmnGhVDImPl2,"Dynasty","Dynasty","MIIA",2016-01-29,225515,69,false,31crdq3kxd6kyd3h5augd33zz52u,2025-12-04T21:11:44Z,"","Epic Amsterdam",0.493,0.594,8,-4.404,0,0.0378,0.256,0,0.0759,0.304,123.751,4
spotify:track:7kUljt0NM5sISL3OGNVxYd,"Royalty","Royalty","Egzod;Maestro Chives",2021-04-22,223520,53,false,31crdq3kxd6kyd3h5augd33zz52u,2025-12-05T14:08:24Z,"","NCS",0.388,0.855,4,-4.229,0,0.0644,0.0181,0.0000811,0.137,0.32,80.121,4
spotify:track:1jDJFeK9x3OZboIAHsY9k2,"I'm Still Standing","Too Low For Zero","Elton John",1983-05-30,183440,86,false,31crdq3kxd6kyd3h5augd33zz52u,2025-12-09T19:44:49Z,"","EMI",0.505,0.904,6,-6.863,1,0.179,0.355,0.118,0.14,0.773,176.811,4
spotify:track:3RiPr603aXAoi4GHyXx0uy,"Hymn for the Weekend","A Head Full of Dreams","Coldplay",2015-12-04,258266,85,false,31crdq3kxd6kyd3h5augd33zz52u,2025-12-10T22:09:38Z,"","Parlophone UK",0.491,0.693,0,-6.487,0,0.0377,0.211,0.00000692,0.325,0.412,90.027,4
spotify:track:4z8sz6E4YyFuEkv5o7IJni,"Mary, Did You Know?","That's Christmas To Me (Deluxe Edition)","Pentatonix",2015-10-30,202869,58,false,31crdq3kxd6kyd3h5augd33zz52u,2025-12-11T17:57:38Z,"christmas","RCA Records Label",0.508,0.312,11,-9.088,0,0.0271,0.302,0,0.0968,0.178,105.025,4
spotify:track:47BBI51FKFwOMlIiX6m8ya,"I Want It That Way","Millennium","Backstreet Boys",1999-05-18,213306,86,false,31crdq3kxd6kyd3h5augd33zz52u,2025-12-11T18:04:18Z,"","Jive",0.689,0.694,6,-5.83,0,0.027,0.257,0,0.148,0.482,99.039,4
spotify:track:3UpS7kBnkVQYG13pDDFTC4,"As Long as You Love Me","Backstreet's Back","Backstreet Boys",1997-08-12,221106,82,false,31crdq3kxd6kyd3h5augd33zz52u,2025-12-11T18:04:22Z,"","Jive",0.804,0.801,0,-4.892,1,0.0305,0.275,0.0000329,0.215,0.826,98.12,4
spotify:track:3BsaRV5QIulYz2lV9WWa8T,"Show Me the Meaning of Being Lonely","Millennium","Backstreet Boys",1999-05-18,234960,76,false,31crdq3kxd6kyd3h5augd33zz52u,2025-12-11T18:04:30Z,"","Jive",0.63,0.625,6,-5.088,0,0.0252,0.231,0,0.0765,0.683,167.998,4
spotify:track:2QjOHCTQ1Jl3zawyYOpxh6,"Sweater Weather","I Love You.","The Neighbourhood",2013-04-22,240400,93,false,31crdq3kxd6kyd3h5augd33zz52u,2025-12-19T03:40:15Z,"","Columbia",0.612,0.807,10,-2.81,1,0.0336,0.0495,0.0177,0.101,0.398,124.053,4
spotify:track:4nVBt6MZDDP6tRVdQTgxJg,"Story of My Life","Midnight Memories (Deluxe)","One Direction",2013-11-25,245490,86,false,31crdq3kxd6kyd3h5augd33zz52u,2025-12-14T20:20:15Z,"","Syco Music",0.6,0.663,3,-5.802,1,0.0477,0.225,0,0.119,0.286,121.07,4
spotify:track:4cluDES4hQEUhmXj6TXkSo,"What Makes You Beautiful","Up All Night","One Direction",2012-05-25,199986,87,false,31crdq3kxd6kyd3h5augd33zz52u,2025-12-14T20:20:22Z,"","Syco Music UK",0.726,0.787,4,-2.494,1,0.0737,0.009,0,0.0596,0.888,124.99,4
spotify:track:2afCBiru10AFckfOa49wIa,"You & I","Midnight Memories (Deluxe)","One Direction",2013-11-25,237932,82,false,31crdq3kxd6kyd3h5augd33zz52u,2025-12-14T20:20:26Z,"","Syco Music",0.574,0.329,1,-6.829,1,0.0274,0.22,0,0.0986,0.356,130.993,4
spotify:track:2Bs4jQEGMycglOfWPBqrVG,"Steal My Girl","FOUR (Deluxe)","One Direction",2014-11-17,228138,84,false,31crdq3kxd6kyd3h5augd33zz52u,2025-12-14T20:20:33Z,"","Syco Music",0.536,0.768,10,-5.948,0,0.0347,0.00433,0,0.114,0.545,77.217,4
spotify:track:2K87XMYnUMqLcX3zvtAF4G,"Drag Me Down","Made In The A.M. (Deluxe Edition)","One Direction",2015-11-13,192112,81,false,31crdq3kxd6kyd3h5augd33zz52u,2025-12-14T20:20:56Z,"","Syco Music",0.731,0.703,0,-5.672,0,0.0368,0.111,0,0.0657,0.595,138.111,4
spotify:track:6YthpKFOCTWAoNQ2ThJEiE,"Leave Me Alone","The Essential Michael Jackson","Michael Jackson",2005-07-19,281415,56,false,31crdq3kxd6kyd3h5augd33zz52u,2026-01-06T21:54:24Z,"","Epic/Legacy",0.848,0.933,4,-4.349,1,0.113,0.281,0.00364,0.0751,0.626,123.584,4
spotify:track:5Ue1gLApNgWJmUsQ1z2Ptt,"Papaoutai - Afro Soul","Papaoutai (Afro Soul)","Chill77;Unjaps;mikeeysmind",2025-12-20,279962,52,false,31crdq3kxd6kyd3h5augd33zz52u,2026-01-15T14:36:48Z,"afro soul","Unjaps AB",0.63,0.478,8,-12.216,0,0.0434,0.5,0.00372,0.108,0.478,101.416,4
spotify:track:4yNk9iz9WVJikRFle3XEvn,"golden hour","this is what falling in love feels like (554Hz)","JVKE",2022-10-03,209259,79,false,31crdq3kxd6kyd3h5augd33zz52u,2026-01-22T03:28:32Z,"","JVKE",0.515,0.593,4,-4.801,1,0.0322,0.653,0.162,0.25,0.153,94.467,3
spotify:track:2RkZ5LkEzeHGRsmDqKwmaJ,"Ordinary","You'll Be Alright, Kid (Chapter 1)","Alex Warren",2024-09-26,186964,92,false,31crdq3kxd6kyd3h5augd33zz52u,2026-02-04T01:58:32Z,"","Atlantic Records",0.368,0.694,2,-6.141,1,0.06,0.704,0.00000659,0.055,0.391,168.115,3
spotify:track:4KU9h9Pc1ac5W0YplspCDz,"Crazy Feelings","Addiction","KullBoi",2025-07-15,150560,9,false,31crdq3kxd6kyd3h5augd33zz52u,2026-02-06T02:32:43Z,"","ralent Photography",0.906,0.447,6,-12.783,0,0.21,0.388,0.102,0.0791,0.78,105,4
spotify:track:7kBQS11ThrXE5JC5UqRc7e,"LIFETIME","THE CASTLE NEVER FALLS","Chris Grey",2024-10-18,183842,58,false,31crdq3kxd6kyd3h5augd33zz52u,2026-02-10T22:39:13Z,"dark r&b","Chris Grey",0.519,0.588,11,-6.459,0,0.037,0.474,0,0.129,0.13,120.954,4
spotify:track:29YWSteW1Z6JHkLm7NDdjV,"i loved","i loved","INKI;GANii",2025-10-24,169093,40,false,31crdq3kxd6kyd3h5augd33zz52u,2026-02-12T13:42:40Z,"","House of Liban",0.466,0.22,6,-11.852,0,0.0309,0.481,0.000691,0.0736,0.159,69.967,4
spotify:track:3QaPy1KgI7nu9FJEQUgn6h,"WILDFLOWER","HIT ME HARD AND SOFT","Billie Eilish",2024-05-17,261466,93,false,31crdq3kxd6kyd3h5augd33zz52u,2026-02-22T01:44:32Z,"","Darkroom/Interscope Records",0.467,0.247,6,-12.002,0,0.0431,0.612,0.000271,0.17,0.126,148.101,4
spotify:track:6dOtVTDdiauQNBQEDOtlAB,"BIRDS OF A FEATHER","HIT ME HARD AND SOFT","Billie Eilish",2024-05-17,210373,95,false,31crdq3kxd6kyd3h5augd33zz52u,2026-02-22T20:52:51Z,"","Darkroom/Interscope Records",0.747,0.507,2,-10.171,1,0.0358,0.2,0.0608,0.117,0.438,104.978,4
spotify:track:0u2P5u6lvoDfwTYjAADbn4,"lovely (with Khalid)","lovely (with Khalid)","Billie Eilish;Khalid",2018-04-19,200185,88,false,31crdq3kxd6kyd3h5augd33zz52u,2026-02-22T20:52:56Z,"","Darkroom",0.351,0.296,4,-10.109,0,0.0333,0.934,0,0.095,0.12,115.284,4
spotify:track:7hDVYcQq6MxkdJGweuCtl9,"ocean eyes","dont smile at me","Billie Eilish",2017-12-22,200379,81,false,31crdq3kxd6kyd3h5augd33zz52u,2026-02-22T20:53:00Z,"","Darkroom",0.511,0.363,4,-7.65,0,0.041,0.816,0.0317,0.084,0.169,144.892,4
spotify:track:1537dWgnx4cqNxMYQbVa6C,"Over","Over","R2Bees",2017-09-21,233240,74,false,31crdq3kxd6kyd3h5augd33zz52u,2026-02-26T20:51:15Z,"hiplife,azonto,afrobeats,ghanaian hip hop,afrobeat,highlife,afropop,afroswing","R2Bees Entertainment",0.847,0.746,2,-3.154,1,0.0527,0.0975,0,0.0296,0.868,105.981,4
spotify:track:5TbzAWWc5eJaANpA9kfGCd,"Love Me Again","Tribute","John Newman",2013-01-01,239894,82,false,31crdq3kxd6kyd3h5augd33zz52u,2026-03-02T01:15:56Z,"","Universal-Island Records Ltd.",0.495,0.894,2,-4.814,0,0.0441,0.00453,0.000596,0.103,0.213,126.03,4
spotify:track:6sGIMrtIzQjdzNndVxe397,"So Easy (To Fall In Love)","The Art of Loving","Olivia Dean",2025-09-26,169000,97,false,31crdq3kxd6kyd3h5augd33zz52u,2026-03-12T00:59:57Z,"pop soul","PLG - Capitol",0.749,0.633,3,-5.917,1,0.0373,0.665,0,0.0817,0.572,139.898,4
spotify:track:35PKfoynRpVFoAUE3D5Kc6,"Work Song","Hozier","Hozier",2014-09-19,229715,76,false,31crdq3kxd6kyd3h5augd33zz52u,2026-03-19T12:46:28Z,"","Universal-Island Records Ltd.",0.433,0.388,10,-7.687,1,0.0998,0.776,0,0.112,0.262,177.234,3
spotify:track:4Z5KKoBGxpJo8YbDcGQXd5,"Secondhand (feat. Rema)","OCTANE","Don Toliver;Rema",2026-01-30,226666,87,true,31crdq3kxd6kyd3h5augd33zz52u,2026-03-31T10:13:35Z,"afrobeats,afrobeat,afropop,afropiano","CactusJack/Donnway/ATL",0.697,0.643,8,-5.515,0,0.044,0.422,0,0.134,0.308,143.964,4
spotify:track:5y2ijHECwFYWqcAHKTZgzD,"Risk It All","The Romantic","Bruno Mars",2026-02-27,204068,97,false,31crdq3kxd6kyd3h5augd33zz52u,2026-04-02T18:58:16Z,"","Atlantic Records",0.401,0.347,2,-9.892,1,0.0442,0.495,0,0.0563,0.267,171.804,4
spotify:track:2GyA33q5rti5IxkMQemRDH,"I Know What You Did Last Summer","Handwritten","Shawn Mendes;Camila Cabello",2015-04-14,223853,78,false,31crdq3kxd6kyd3h5augd33zz52u,2026-04-11T06:25:41Z,"","Island Records",0.687,0.761,9,-4.582,0,0.0876,0.102,0,0.147,0.743,113.939,4
spotify:track:7ggenkMBaa7obYGuAC9zzz,"The Fate of Ophelia","The Fate of Ophelia","Our Last Night",2025-11-14,217862,69,false,31crdq3kxd6kyd3h5augd33zz52u,2026-04-15T21:22:54Z,"post-hardcore,metalcore","OLN Recordings",0.527,0.947,5,-2.912,1,0.0556,0.000277,0.0000053,0.426,0.402,123.956,4
spotify:track:6QFCMUUq1T2Vf5sFUXcuQ7,"Beauty And A Beat","Believe","Justin Bieber;Nicki Minaj",2012-01-01,227986,91,false,31crdq3kxd6kyd3h5augd33zz52u,2026-04-15T23:19:34Z,"","RBMG/Def Jam",0.601,0.843,0,-4.87,1,0.0593,0.000704,0.0000527,0.0681,0.534,128.002,4
spotify:track:29iva9idM6rFCPUlu7Rhxl,"YUKON","SWAG","Justin Bieber",2025-07-11,163866,89,false,31crdq3kxd6kyd3h5augd33zz52u,2026-04-15T23:19:47Z,"","JRC Entertainment, LLC / ILH Production Co. LLC / Def Jam Recordings",0.446,0.301,7,-12.748,0,0.218,0.802,0.000164,0.105,0.589,80.572,3
spotify:track:6epn3r7S14KUqlReYr77hA,"Baby","My World 2.0","Justin Bieber;Ludacris",2010-01-01,214240,90,false,31crdq3kxd6kyd3h5augd33zz52u,2026-04-15T23:19:52Z,"southern hip hop","RBMG/Def Jam",0.728,0.859,5,-5.237,0,0.137,0.0401,0,0.111,0.535,65.043,4
spotify:track:0lYBSQXN6rCTvUZvg9S0lU,"Let Me Love You","Encore","DJ Snake;Justin Bieber",2016-08-05,205946,91,false,31crdq3kxd6kyd3h5augd33zz52u,2026-04-15T23:19:58Z,"","DJ Snake Def Jam",0.475,0.715,8,-5.371,1,0.058,0.0863,0.0000267,0.135,0.159,199.892,4
spotify:track:0pwYLVXVknPSGUQb39cePC,"As Long As You Love Me","Believe (Deluxe Edition)","Justin Bieber;Big Sean",2012-06-15,229466,76,false,31crdq3kxd6kyd3h5augd33zz52u,2026-04-15T23:20:05Z,"","RBMG/Def Jam",0.571,0.873,0,-3.382,0,0.1,0.0811,0,0.361,0.613,139.691,4
spotify:track:3UGIZ8qcrMTwzLbx6Kttqt,"Boyfriend","Believe","Justin Bieber",2012-01-01,171333,83,false,31crdq3kxd6kyd3h5augd33zz52u,2026-04-15T23:20:08Z,"","RBMG/Def Jam",0.717,0.55,10,-6.019,0,0.0521,0.0358,0.00196,0.126,0.332,96.976,4
spotify:track:2psRActEWsTlYYd7EDoyVR,"Those Eyes","Based On A True Story...","New West",2023-10-20,220750,83,false,31crdq3kxd6kyd3h5augd33zz52u,2026-04-16T17:48:47Z,"","Republic Records",0.594,0.348,4,-8.297,1,0.0285,0.709,0.0000212,0.317,0.248,120.048,3
spotify:track:5GYbkDveRD2I8M5ZJ14hWn,"Never Say Never","Never Say Never - The Remixes","Justin Bieber;Jaden",2011-01-01,227853,85,false,31crdq3kxd6kyd3h5augd33zz52u,2026-04-17T00:36:28Z,"","RBMG/Def Jam",0.739,0.807,0,-5.063,1,0.0652,0.0181,0,0.295,0.632,97.048,4
